{
  "frozen": {
    "DINOv2 ViT-B/14": {
      "style": {
        "accuracy": 0.5748050831849715,
        "macro_f1": 0.5533819158528254,
        "top5_accuracy": 0.9403892197188286
      },
      "artist": {
        "accuracy": 0.6467554791577138,
        "macro_f1": 0.4695108031842232,
        "top5_accuracy": 0.9093867026827921
      },
      "genre": {
        "accuracy": 0.7102339001780342,
        "macro_f1": 0.6909969336181245,
        "top5_accuracy": 0.9868009085886181
      }
    },
    "CLIP ViT-L/14": {
      "style": {
        "accuracy": 0.6711891460494812,
        "macro_f1": 0.6563769789216267,
        "top5_accuracy": 0.9707778255264289
      },
      "artist": {
        "accuracy": 0.7459635336730309,
        "macro_f1": 0.5974592091359314,
        "top5_accuracy": 0.9594204678003561
      },
      "genre": {
        "accuracy": 0.7503223033949291,
        "macro_f1": 0.7397472009212994,
        "top5_accuracy": 0.9923261096445454
      }
    },
    "Fusion (frozen)": {
      "style": {
        "accuracy": 0.649947817545583,
        "macro_f1": 0.6333018218338824,
        "top5_accuracy": 0.9664190558045307
      },
      "artist": {
        "accuracy": 0.7098412301573664,
        "macro_f1": 0.5427156131915017,
        "top5_accuracy": 0.9421081711584505
      },
      "genre": {
        "accuracy": 0.7422800663024127,
        "macro_f1": 0.7308973248917044,
        "top5_accuracy": 0.9907913315734544
      }
    }
  },
  "_note_tuned": "The fine-tuned and end-to-end rows below were produced during a separate training run with partial backbone unfreezing and supervised contrastive loss. The training code is not included in this repository. These numbers are reported for context but cannot be reproduced from the provided evaluation scripts alone. Only the frozen linear-probe results above are reproducible via benchmarks/wikiart.py.",
  "tuned": {
    "Fusion (fine-tuned)": {
      "style": {
        "accuracy": 0.715513536742587,
        "macro_f1": 0.7032232900559235,
        "top5_accuracy": 0.9669715759101234
      },
      "artist": {
        "accuracy": 0.7784394376573147,
        "macro_f1": 0.6207431550469462,
        "top5_accuracy": 0.962121677205476
      },
      "genre": {
        "accuracy": 0.7513045613604273,
        "macro_f1": 0.7456517648133428,
        "top5_accuracy": 0.99054576708208
      }
    }
  },
  "e2e": {
    "Fusion (e2e heads)": {
      "style": {
        "accuracy": 0.7268095033458162
      },
      "artist": {
        "accuracy": 0.7904107066118239,
        "top5_accuracy": 0.9688747007182761
      },
      "genre": {
        "accuracy": 0.7656700841058383
      }
    }
  },
  "dataset": {
    "total": 81444,
    "train": 65155,
    "test": 16289,
    "n_styles": 27,
    "n_artists": 129,
    "n_genres": 11
  },
  "config": {
    "dino": "dinov2_vitb14",
    "clip": "ViT-L/14",
    "epochs": 5,
    "bs": 16,
    "accum": 4,
    "backbone_lr": 1e-05,
    "head_lr": 0.0005,
    "unfrozen_blocks": 3,
    "supcon_weight": 0.2
  }
}
